Area Code,Phone
415,382-4657
415,371-7191
415,358-1921
408,375-9999
415,330-6626
510,391-8027
510,355-9993
415,329-9001
408,335-4719
415,330-8173
415,329-6603
415,344-9403
408,363-1107
408,395-2854
415,362-1407
408,341-9764
415,353-3305
415,402-1381
408,332-9891
408,372-9976
408,383-6029
510,353-7289
415,390-7274
510,352-1237
408,353-3061
415,363-5450
408,364-1995
415,398-1294
415,405-7146
408,413-4957
408,420-5645
408,349-4396
415,404-3211
415,353-3759
408,363-5947
415,340-5121
408,370-7574
415,403-9733
408,355-7251
408,359-5893
415,405-3371
510,344-5117
408,332-8160
408,359-4081
415,352-8305
415,329-9847
408,365-9011
408,338-9472
510,374-8042
408,359-1231
510,413-7170
510,415-2935
415,399-4246
415,362-5889
415,350-8921
415,374-5353
408,360-1171
415,355-8887
408,333-1967
415,354-4577
415,331-7425
408,419-2637
415,411-1530
510,395-3026
510,388-6441
408,402-1251
510,412-9997
415,346-7302
415,358-9095
510,400-9770
415,334-1275
415,340-4953
415,400-9510
415,387-6103
408,366-4467
415,370-3450
415,327-3954
408,355-6291
415,362-9748
510,379-6506
415,347-7741
415,354-3783
408,401-7594
408,397-4976
408,334-2577
510,400-3637
510,383-4361
408,336-4960
510,405-5083
510,392-1105
415,378-2397
415,331-4184
415,376-2408
408,345-3614
408,370-9296
415,402-5076
510,401-7334
415,409-3428
415,362-2067
415,352-2270
415,404-5840
415,360-3126
408,364-8731
510,388-4331
510,335-7324
408,362-8886
408,410-4882
408,371-1139
415,391-5516
510,380-3186
408,347-9995
510,340-9013
408,362-8378
415,418-8969
415,417-1488
510,358-9898
415,373-7308
510,330-7137
415,406-8445
408,404-5283
408,398-3632
415,399-5763
408,340-9449
415,363-1123
415,361-2170
408,406-6304
408,392-5090
415,373-7713
415,392-1376
510,390-6388
415,379-7290
415,397-9928
415,378-6924
510,411-5677
415,400-2738
408,409-1856
415,362-5899
415,377-1164
408,368-8555
415,347-6812
415,348-3830
415,414-4276
415,370-3271
510,328-8230
510,364-6381
415,400-4344
